<?xml version="1.0" encoding="UTF-8"?>
<soap:Envelope xmlns:soap="http://schemas.xmlsoap.org/soap/envelope/">
  <soap:Header>
    <wsa:Action xmlns:wsa="http://www.w3.org/2005/08/addressing" xmlns:wsu="http://docs.oasis-open.org/wss/2004/01/oasis-200401-wss-wssecurity-utility-1.0.xsd" wsu:Id="iJFJKoU2cJbfDgjZTwrmZKpS8nKM">http://docs.oasis-open.org/ws-sx/ws-trust/200512/RST/Issue</wsa:Action>
    <wsse:Security xmlns:wsse="http://docs.oasis-open.org/wss/2004/01/oasis-200401-wss-wssecurity-secext-1.0.xsd" soap:mustUnderstand="1">
      <wsse:UsernameToken xmlns:wsu="http://docs.oasis-open.org/wss/2004/01/oasis-200401-wss-wssecurity-utility-1.0.xsd" wsu:Id="ijhaEN438vD_gRUQC06Apb8B43nE">
        <wsse:Username>joe</wsse:Username>
        <wsse:Password Type="http://docs.oasis-open.org/wss/2004/01/oasis-200401-wss-username-token-profile-1.0#PasswordText">2Federate</wsse:Password>
      </wsse:UsernameToken>
    </wsse:Security>
  </soap:Header>
  <soap:Body xmlns:wsu="http://docs.oasis-open.org/wss/2004/01/oasis-200401-wss-wssecurity-utility-1.0.xsd" wsu:Id="iGPI7F3OqQHNY_nNdIi6mxp16eqE">
    <wst:RequestSecurityToken xmlns:wst="http://docs.oasis-open.org/ws-sx/ws-trust/200512/">
      <wst:TokenType>urn:ietf:params:oauth:grant-type:saml2-bearer</wst:TokenType>
      <wst:RequestType>http://docs.oasis-open.org/ws-sx/ws-trust/200512/Issue</wst:RequestType>
      <wsp:AppliesTo xmlns:wsp="http://schemas.xmlsoap.org/ws/2004/09/policy">
        <wsa:EndpointReference xmlns:wsa="http://www.w3.org/2005/08/addressing">
          <wsa:Address>localhost:default:entityId</wsa:Address>
        </wsa:EndpointReference>
      </wsp:AppliesTo>
      <wst:Claims/>
      <wst:OnBehalfOf>
        <wsse:SecurityTokenReference xmlns:wsse="http://docs.oasis-open.org/wss/2004/01/oasis-200401-wss-wssecurity-secext-1.0.xsd">
          <wsse:Reference URI="#ijhaEN438vD_gRUQC06Apb8B43nE" ValueType="http://docs.oasis-open.org/wss/2004/01/oasis-200401-wss-username-token-profile-1.0#UsernameToken"/>
        </wsse:SecurityTokenReference>
      </wst:OnBehalfOf>
    </wst:RequestSecurityToken>
  </soap:Body>
</soap:Envelope>
